PC1,PC2,PC3,PC4,PC5,PC6,Class,Prob_Class_0,Prob_Class_1
-1.7212884493219742,-1.1391555383043848,-1.2356374102854937,0.43505780977158837,-0.5266966267936627,-0.13569293161834892,1,0.004538968634089785,0.9954610313659102
0.7272910694754189,0.7047716194183393,-0.9182750044580704,1.578401407640085,0.36926210156812805,0.1887264388346396,1,0.23696288560591533,0.7630371143940847
1.3193590235839552,-3.3065475490599603,-0.42483514351185275,-0.6873803742023712,-0.22115453816363873,0.340014147405514,0,0.9938764079625074,0.0061235920374922955
-0.6995452665666242,1.0509952219600693,1.1980010411151765,-1.0005058069493595,0.10336704448472575,-0.36717949882066503,0,0.04180998654912594,0.958190013450874
0.45970763113623164,1.9552198674299448,-0.2371017688628725,-0.9746852741492927,-0.5221607346468964,0.2526515112249269,1,0.33039195486790734,0.6696080451320934
-1.5881183509617547,-0.601256011757701,0.4432084845549082,0.06258762338953446,0.45460484156018005,-1.594276430720877,1,0.015058751069089077,0.9849412489309103
-2.0834643161068134,0.6687240054017578,-1.0252772006026878,0.9248182995591606,0.26278784831426616,0.09092004527939833,1,0.0011233264147040417,0.998876673585296
-1.6495723993592017,0.6413380158103185,-0.08570290255165726,0.04407672191873691,0.007343898762527626,-0.5833580148823976,1,0.002432552915379914,0.9975674470846199
-1.508623601447987,-0.9938844399352168,-1.4775468331439778,0.7089105571328284,-0.14811809012342,-0.5487208595355603,1,0.005057013140691915,0.9949429868593079
2.574238841509546,-0.21530233383336572,-0.17219348029931644,0.8010833864119637,1.2645961557244016,-0.061520679838641824,0,0.9017815591296837,0.09821844087031688
-0.29470032506151117,1.0091075593227905,0.039016525724287696,-1.3483278769394396,-1.1154347337914479,0.601723220750651,1,0.18759202865062002,0.8124079713493795
1.1086838750526302,1.5091080047435763,-0.34421523739742976,-0.5210507195605366,0.001829549468640412,-0.16014180354092858,1,0.3423917269681782,0.6576082730318216
0.06726183326642964,0.5334949975987545,-0.06447157883725767,0.993222817960333,1.5138353636595139,-0.20068188533298914,1,0.11081718208191438,0.8891828179180853
1.434517855298781,1.7736429467387667,-0.41975414224928315,-0.45030182168084304,0.0793474813890178,0.5079604381500041,0,0.6486067482638438,0.35139325173615676
0.45807617440769394,1.3656925339417971,0.2141533906220117,-1.1933380527139734,-0.5001106697016562,-0.03375596717847806,1,0.26855244822297003,0.7314475517770302
2.355561915580509,-2.184381796013664,-0.921370433793561,-0.1985810825577774,0.5167588455202402,-0.1343129548800627,0,0.973227673476913,0.02677232652308612
0.23790075515052628,1.1785885823211617,0.625444637744961,0.699864091056807,-1.0735035675477236,-0.05710425497851867,1,0.1430751415347573,0.856924858465243
-1.3048026611914574,0.15067174685585952,0.4997110331998666,-0.327997953868065,0.04623158716565416,-0.7927919018500135,1,0.007310677389863667,0.9926893226101365
-1.4354967774475074,0.15912991640446306,0.5710403465404255,0.5161918968871625,1.1234999930518637,0.9004341098294312,1,0.023410204175624682,0.9765897958243747
2.35634598331043,2.02287344547917,-0.534092124081064,-0.2712101159853372,0.7191392364820588,-0.47664279508909013,0,0.866111329890761,0.13388867010923816
1.435898791503334,1.6807769365808043,-0.6281909909641689,-0.3654806656835759,0.1423378488124463,-0.41027882322986253,1,0.45773592167683697,0.5422640783231633
1.681310561612348,-2.0529353930171417,-0.6351760062037961,-0.26854155799435186,0.3654994351222305,-0.006766358893020018,0,0.9104235108800418,0.0895764891199576
1.2179283877554896,-3.249384965606782,-0.3108628996908977,-0.695401667358479,-0.15541881434032023,0.2848527020960801,0,0.9913279035791617,0.008672096420838984
1.7519190862639644,0.8099888707758608,0.1382464221841929,-0.7347556740663367,0.13003285014025262,0.09655608901982708,0,0.6524189376196154,0.3475810623803849
-0.7409937037630383,0.9335557485954101,-1.0677678848898313,0.027878362652817915,-0.4839265260513991,-0.04679162092229911,1,0.010977389315703414,0.9890226106842968
0.6107700489558432,1.8972894853326272,-0.029042940743814926,-1.0209861189371745,-0.45489273891815174,0.1611375980185585,1,0.3824429779856011,0.6175570220143997
1.0877409949100028,-0.6709401674115049,-0.3537201084436898,-0.8363498742208125,-1.7330652416731518,-0.3248926566676006,1,0.6372896165926291,0.3627103834073703
-0.06261524668541585,1.8961781907461719,-0.3695286685133061,-0.3418767077039847,-0.25485737416931237,0.5717743451609435,1,0.13701774843108083,0.8629822515689196
-0.1562250441418917,0.4752041313285843,0.26248936016560365,0.3385362200728884,1.1857911953391813,1.2736980635723736,1,0.31228570044868864,0.6877142995513117
-0.02293848233141522,0.8013947417019123,-0.6921629803628423,0.6745129173982163,0.8142585186613891,0.09620764252312183,1,0.052931446073117186,0.9470685539268828
0.04017673604944387,0.9206649198955683,-0.46414990002976647,0.04803512688693721,-0.014691835278210635,-0.771980485646286,1,0.047390767949732335,0.9526092320502675
-3.1917089602184214,-1.0121696721470748,5.7752144861541765,-2.4217104459606964,0.8808369771404572,-2.3685092159691474,0,0.7835927104465185,0.21640728955348032
-2.254371240406916,-1.9173383004111217,1.4541893632414948,-0.47364226079544514,0.25925109053158757,-1.9735023981403719,1,0.08616447370839045,0.9138355262916102
-1.3172807048591182,1.091555814113565,-0.6796549441977269,0.2555081442889203,-0.09250792716412072,-0.31487375550446356,1,0.003874006042311919,0.9961259939576882
-0.7111866629236148,0.37918597611961835,0.929717058781377,0.2780225817841425,1.4657205288779094,0.819706250822395,1,0.09759380141775745,0.9024061985822428
1.357903446019773,-2.4306384607761284,0.3008858633668054,-0.48354141632796344,0.4051297727527871,0.6935950381787193,0,0.9758172878693958,0.024182712130603697
-0.2918692751881853,1.2721054224267094,0.46705291008330696,0.31109552064989293,0.08067654985604814,-0.24739742433019646,1,0.03879403178264206,0.9612059682173576
-1.1382912423767202,0.01622038609721957,0.06281139077937493,0.5630814345951506,0.9006802590612861,0.9206891985408209,1,0.031272724754016594,0.9687272752459833
1.2369865378483278,1.3121152084436762,2.144831216127572,1.1865894791352127,-1.0557503341535304,-0.25971917744474693,0,0.7162696291938753,0.28373037080612507
0.7745440532590323,-1.090962225366177,0.844029325672684,-0.22278951168589875,1.235165214632843,0.23697964937981095,0,0.6074871192290462,0.3925128807709538
2.0510352032446173,-0.5640442327012738,-0.3906313344732638,-1.0611415320483657,-0.45355417538382853,-0.5206844580185902,0,0.822469535296678,0.17753046470332268
-2.015208318056491,-0.5176628268744425,-0.507455631277141,0.07420923814006689,-0.47596768029750985,-0.34504502016622207,1,0.0016915524161272948,0.9983084475838732
-1.1119452847323177,-0.3144362313286137,0.1653578716028764,0.27495213430355164,0.5006047898489215,-1.4639701278000539,1,0.020866210878797944,0.9791337891212013
1.0902117371306757,-0.24794477080299795,-1.3776073323445162,-1.167555578046171,-1.4824823547158466,-0.3756015850239606,1,0.5103465021387743,0.4896534978612249
0.1697441598800482,1.2364048719583554,-1.0668952698342997,0.03968343011674534,-0.24055630823998375,-0.3356602917599503,1,0.051620703147799325,0.9483792968522009
-0.5710914205888828,0.29338633492112626,0.8490289626117355,0.3157454407108698,1.239306882116062,0.8563004030162081,1,0.10818075504154555,0.8918192449584549
0.2620202245494993,1.18166537552257,0.6431588189882149,0.677447546732029,-1.0773863968984976,-0.02963543634258468,1,0.1508033918262611,0.8491966081737387
-2.9139051744389577,-1.181240187080095,2.593042700811928,-0.7411347953143368,0.5935989315135924,-0.49270524133663834,1,0.00393682192916017,0.9960631780708405
0.6953198863559846,-0.05925158557234897,0.3570914614875896,0.2233823754874604,0.9030233229630954,1.6126040331797897,0,0.8339789521942353,0.16602104780576438
0.2981742951504567,1.2268333157498998,0.6718324682753082,0.603695756686313,-1.1355562615163488,-0.032769331938272285,1,0.16575296131955053,0.8342470386804496
-1.065148200450605,-0.5108294044575771,0.44152938394001173,-1.0798898153980938,-0.8415324002429386,0.012468248490265347,1,0.03212709341979419,0.967872906580206
-1.2858272133435842,-0.309470046989932,1.7727838599220918,0.25055713171736427,1.6543801654755688,0.04975141966884114,1,0.03382267299785682,0.9661773270021424
0.7099901929514351,1.8787308399154825,2.8560076785688318,2.242599823418357,-1.9993690888143527,0.46267887007985026,0,0.9642283184230706,0.035771681576929074
-0.2996482017170781,0.2857065648861651,-0.7688522940692079,0.8290499699983319,0.9753865890481459,0.05652228396062376,1,0.036188481359874666,0.963811518640125
-0.47512904636316494,1.126627344541039,-0.39181761622481254,1.3482333385819074,0.03594021028642187,0.4973818645609079,1,0.05040942056965042,0.9495905794303495
-0.7089558240681246,0.3384468936824811,-0.24742652425554545,0.5205364321404384,0.6711769700223919,-1.11387829321553,1,0.020048548146329236,0.979951451853671
-0.46722202531562657,0.39562384749907803,-1.090250528837185,-0.7121671320392311,-1.2750000435908488,0.6752899520081043,1,0.07081285397554953,0.9291871460244496
3.135578312749354,-1.4854952558337289,-1.3688634057483617,0.23297996911777963,0.7167295539503927,-0.006372030776026522,0,0.9755324782520767,0.024467521747922463
1.3692373844456096,1.6786508233210276,-0.664627042992427,-0.46152138383641095,-0.1423938664898114,0.6935962719249451,0,0.6508382636580723,0.3491617363419274
-1.6773631753283678,-1.193099682145716,0.7607031729165491,0.04794279048109374,0.6032615184285878,-0.09396885244642937,1,0.011040975465055596,0.9889590245349444
1.6144829323602063,0.5389066172806617,0.10704090780719795,-0.25124575467058957,-0.5939832610722022,-0.8291381902742205,1,0.5311085287184322,0.46889147128156783
0.42647817089490253,2.05973996610771,-0.14023915583677482,-0.8950142911479751,-0.43004062472940535,0.5591776836927123,1,0.41085015128925934,0.5891498487107399
-1.3455472439066998,1.1688276922144498,-1.4418354335761905,0.5088391519091625,-0.3451972910216453,-0.03376732593068333,1,0.0035709715293755196,0.9964290284706244
2.349847524754721,1.9211571726843781,-0.3294601651939653,-0.3162834520212072,0.8228373426101945,-0.6646137867917207,0,0.8734827319769924,0.12651726802300722
0.43080279787528425,0.9500521211767626,0.38298768134199734,-1.52074652246786,-0.8607449072451167,0.09541490083938928,1,0.36628406655575624,0.6337159334442434
1.287926337779386,-0.5394600197671118,1.2180490587135921,1.0148002708883443,0.23809815676662757,1.528898139871204,0,0.9546974748721013,0.04530252512789899
0.7122781794775008,0.7614261445919329,0.7692984068947033,-0.9275416028717318,-0.058254800341306874,0.572576290048147,0,0.4324885488921536,0.5675114511078464
-0.16590023897379488,1.4270970689558626,-1.3881955027343613,-0.20191210953571917,-0.706695825765612,0.5383303321578714,1,0.065655418356161,0.9343445816438389
0.7348321974971855,0.36213094866752527,0.4371099068759714,-0.7266278835634558,-0.894503207795611,1.1791496465952263,0,0.693002681481293,0.3069973185187062
-0.28371893045583857,-0.21174328818830554,0.36143103955041583,0.4972098942415906,1.3666596166204703,0.23344065230842054,1,0.0863031746216053,0.9136968253783945
1.4163943976146138,1.2190100803105537,1.2421008687860067,0.05321792561909265,-0.07916467663915329,-0.4029343078390821,0,0.5277939670475842,0.47220603295241614
-1.433131219601413,-1.1853431177380105,-1.7898033695062983,0.22994321864754808,-0.9496903019998618,-0.46307892085534835,1,0.007999392252394792,0.9920006077476046
2.906727882929169,-1.8302880228000604,-1.1240177939521943,0.1810791937668459,0.46099302001686704,-0.25696816220358437,0,0.9760718307324188,0.023928169267581643
2.8610452168507816,-3.097479271617622,-1.2097320709143349,-0.3721053348803613,0.17377133686879107,-0.31941883796926257,0,0.9983006502681836,0.0016993497318165951
0.03780076957770381,1.8675705259071433,-0.38290722551446726,-0.9377170026197493,-0.8284104574880563,0.9218192651493886,1,0.3683514700689682,0.6316485299310312
0.031822796524486496,1.6211655323885208,-0.16767752860399276,-1.0240846506946892,-0.8448101315898223,0.9133168127568024,1,0.3520722184969117,0.6479277815030888
-2.615164332951037,0.8973939965239948,-0.4903180520460155,-0.26572031041394706,-1.0171363826535345,0.982721705390683,1,0.0021732148134607737,0.99782678518654
-0.27655558912781003,0.2766011234795218,-0.7525224810378192,0.8195184948550109,0.9872248233028639,0.0959879673459111,1,0.03902417867943663,0.9609758213205629
-0.09899365463315397,-0.6317773526713996,-0.8516183853733414,-0.03417254801177931,-0.2252830536051203,1.9841365397483355,0,0.7584949038354198,0.24150509616458044
0.8008168312100618,1.3968530647108357,-0.39626693242253186,-0.2412664625164915,-0.2904574093506422,0.1652146701714187,1,0.23208602399775433,0.7679139760022461
-2.7544597846832612,-0.2607020032357656,-1.6182952945828704,0.05531187032170239,-1.5300750721105916,0.544979183238763,1,0.000962046325567401,0.9990379536744317
-3.1123129035706567,0.42549764734015977,-0.718917361463993,0.1278186071233087,-0.8572610915184338,0.12001118546658796,1,0.00019780601946324682,0.9998021939805359
0.6636198422064205,2.1889081793336844,0.09911692672644311,-0.46959610334062557,0.18281099933192174,0.8170501249739227,0,0.588473583279091,0.4115264167209097
-0.32178623607291035,1.3631434511015144,-0.16674049985599954,0.22256189970070045,0.32401025459682786,-0.38560158245792464,1,0.03096397650259955,0.9690360234974006
-1.3295460077606867,0.19554211686780318,0.42446100247104146,0.6048192485883266,1.2373118611671383,0.3391857556868459,1,0.012818658057339973,0.9871813419426597
2.5815377012966025,1.7865791588733664,-0.28814507063984646,-0.3371818870733083,0.8234779436055681,-0.624583250389318,0,0.9017216603241308,0.0982783396758692
2.094820790530207,1.740353050150976,-0.22424810291420444,-0.1395285776735939,0.2941638666721091,-0.34559828537782805,0,0.7475712634324156,0.25242873656758413
0.7593276720215933,-0.05362511675820849,-1.3136863531229022,0.1609693730808546,0.11804180708140909,0.03896709545044899,1,0.13617015094362542,0.8638298490563743
-0.8359303270713816,0.02878791173117452,-1.2234607984442825,1.117802943841654,0.766517677448669,-0.7583911641063458,1,0.01308518429608593,0.9869148157039145
-1.4028086339415193,0.7383292231593198,1.40485583103589,-0.7115859671099889,0.29505332079831553,0.10586270833023863,1,0.012209061847496885,0.9877909381525032
1.5788118263850277,-0.6516447227719467,1.0607644051142302,-1.275431189893061,0.15882673976388606,-0.948843370580343,0,0.8511618827819563,0.14883811721804402
-0.2856083023233075,0.3085538295285843,-0.5721826518413269,0.13472012000492112,0.21743444863396733,0.21339487179736621,1,0.030811607554551524,0.9691883924454482
0.4952153289013117,0.09939871091813776,-0.03898005048735323,0.3836897399024035,1.3098215040792758,0.8082076538105448,1,0.36425027130159204,0.6357497286984072
0.7922930327990704,0.39268057699938935,-0.9114412629923818,0.9911898646588035,1.1190153566964705,-0.329352588403925,1,0.19774612714361792,0.8022538728563826
-0.28256616871704404,-0.1353728771942163,0.6327041087313208,-0.04605560741913591,0.8111092278593834,1.6620895535737268,0,0.542619807923966,0.45738019207603464
-1.9600466670700953,-1.4911146442604832,1.2480428582854102,0.27868044092999383,1.1667680454101887,-1.8631381354559857,1,0.06519390576290844,0.9348060942370908
-3.5917349640878435,-1.524084847387563,1.099542198365358,-0.5787088948024547,-0.5853190753505815,-0.6921258182696247,1,0.0007449928550011641,0.9992550071449983
-0.8399224414178323,-1.119067627141872,-0.8228721152367068,0.9113091515343754,0.9954882691640708,0.049487113069088096,1,0.0370089932481902,0.9629910067518094
-2.092452220717513,-0.5330393528229135,0.1907915447191721,0.7576371185215811,0.9195052463874402,-0.8262377566592677,1,0.0027777465523254573,0.9972222534476742
1.962857970425265,0.8622898902440451,2.5369563899936067,2.343216890829793,-2.4608269178001705,0.5751797044611882,0,0.99628757210569,0.003712427894310172
-1.6332529523619104,0.03886528056573436,0.4363556229558547,1.342844199876178,1.332416159355313,-0.9660370447862334,1,0.010179437645385564,0.9898205623546137
2.0624004289145166,0.6752263368840327,0.009732107857260891,1.2266647221433458,0.5648275946462559,-0.6530700052929189,1,0.7317658441280259,0.26823415587197347
-0.5684360112944192,-0.8132894681846814,0.5930473403532681,-0.2788002470538913,0.2963487220666491,1.6684329591624367,0,0.5149829142333157,0.48501708576668373
1.7763431892892103,-1.7986078360323676,-0.18903525774549504,-0.219243766833287,0.6421015938406927,0.1741644163569725,0,0.9152659646431802,0.08473403535682017
-0.04413216302389175,1.165369943842663,-1.4999839985294126,0.2981031362507225,-0.2592481304803861,-0.151855406186717,1,0.03218699291405363,0.9678130070859466
0.18469633494868198,1.205111617451492,-0.05350750917148531,-1.2837125771966214,-0.9323194164634527,0.16209819137797107,1,0.22151636877269748,0.7784836312273027
0.962374030435548,-1.9151032043276917,-0.10835447396883144,-0.25025333207323897,0.04328056089564444,0.9774808979391907,0,0.9018256147434237,0.09817438525657593
2.028585903716602,-1.3026004817363372,-0.32533132828098027,0.056103601973240595,0.8144360945769142,0.056627842500687725,0,0.8752444552931691,0.12475554470683084
1.8223516740507584,-2.615794920648358,-0.8749168438846862,-0.38821194198371173,0.06065981580246777,0.2646666325502964,0,0.9792622132076626,0.020737786792337166
-1.4303941983677844,0.157651615227611,-1.072196664942438,-0.01533087905290627,-0.8222857963349903,-0.20108132888094693,1,0.0034597613938900807,0.9965402386061096
2.5832064183480847,0.7009189119215117,-0.7797252886991993,-0.5092828958755133,-0.03601253162047779,-0.4391534900665531,0,0.80173332969387,0.19826667030613082
1.4644378130215459,2.0467042483969813,-1.5142656867227642,0.22837899093751007,-0.6346983005349257,-0.019274582251402186,1,0.5101722001027437,0.48982779989725594
-0.5429673611500405,1.0611128684199185,0.583495407441288,-1.0074149019890095,-0.3717170926890583,-0.3904846605144678,0,0.04372486257775324,0.956275137422247
0.31771012615458194,1.9147698304939105,0.025216995498563446,-0.9595103569654901,-0.4474364557302186,0.5172948616104664,1,0.34670510351193146,0.6532948964880686
-0.06005888745506306,1.412148625312932,-1.0597250081933025,-0.07938371818369339,-0.4029502617216508,0.19291888897068418,1,0.05163030961197954,0.9483696903880209
-0.5555385217143795,0.31889891359582434,0.7069805688970686,2.0237056984289143,-0.6089670914742543,-0.9048082188072779,1,0.08501501142158319,0.9149849885784163
-1.6766956159088593,0.4416564259801251,1.0218177579838656,-0.03686436376227933,0.7380515083643108,0.01729466948197678,1,0.004866712329136852,0.9951332876708631
0.5160993372351484,1.0398573634617443,-0.1236804541111746,-0.816627063882996,-0.4080089561527068,-0.2427413251884363,1,0.16444325154114714,0.8355567484588532
-2.131127274928292,-1.2326058447809989,0.16815231715693768,0.20410362353842842,0.17753642064153757,-1.1359678811675733,1,0.004856244246252758,0.9951437557537479
-0.14802532119882458,2.164328246295656,0.1822069476010205,-0.9563945287630197,-0.4831526847415278,0.7993215460464891,1,0.33154154098659366,0.6684584590134068
-0.26394863243606276,0.14017047197686022,-1.839372625393791,0.6703718596406469,0.0252316534035924,1.0180292140719165,1,0.07762839135346752,0.9223716086465322
0.28793710379201504,1.161993495016246,0.6609914696233139,0.6761086400998061,-1.0518986070696383,0.024984443500844618,1,0.15878365837026595,0.8412163416297345
0.6408820930140562,0.9668961219652985,0.142895581377171,-1.053458617697362,-0.6346166804226717,-0.1279212284422109,1,0.26518796318394305,0.7348120368160568
-0.13276869556609008,0.41929382247839003,-0.7973869643536372,0.9184276076341603,1.0221948247597146,0.0038124447891608047,1,0.048297524102580744,0.9517024758974191
-0.39451474337081976,-4.296176018637961,1.6708100785701445,-0.8901570409684194,-1.0559327396382912,1.3482173316205515,0,0.9997414190297359,0.0002585809702632567
-2.3866599752455757,-0.18896516460929322,-0.9999367553123379,0.5075677341677094,-0.39316509453575416,0.01806968213192132,1,0.0006716471426327523,0.9993283528573671
0.5012879761007473,-0.9013200923201287,-1.113959441128159,-1.4630001682678209,-1.9317780209743851,-0.088570642642282,1,0.6108739452851146,0.3891260547148846
0.20548054968116428,0.5318297669855346,-0.5367904940483954,1.0266320196999539,1.366553053750694,-0.3690131468409766,1,0.10576965277998374,0.8942303472200164
2.5774180774925615,-0.6056544558420288,-0.8218797470274976,-0.9760380524583538,-0.48953764255374693,-0.6321616088010444,0,0.9081381518008844,0.0918618481991157
-1.0375330168931318,0.5086341571884132,-0.5879226070529872,0.8307134201595813,0.2187755389702766,-0.6779046251112255,1,0.007072246704998508,0.9929277532950017
-1.0517632012568463,1.2345119771253732,0.291676804750901,1.170819123669325,-0.38307783247328636,-0.4667887988945061,1,0.012735671414115008,0.9872643285858848
2.1529924638858327,-0.5663483912814852,0.10845561885885141,0.7110357254774475,0.8247748387915471,0.1897300590516689,0,0.845818903934708,0.15418109606529218
1.65721356807129,1.2727601392459889,-1.2446237988933397,-0.37668230621226984,-0.16852462521602987,-0.614706368535743,0,0.45405353817185995,0.5459464618281394
2.271815106706897,2.0730218987437254,-0.4105310954574887,-0.27702369836021823,0.7642313678460788,-0.4480084715060446,0,0.8622506991574107,0.13774930084258974
-2.08851563003132,-0.3746334414528726,-1.6974186103403863,0.5293620945966325,-0.7883658144024783,0.150632820542635,1,0.0013734197495309298,0.9986265802504689
-1.9670789100225903,-0.44826736900401165,-0.2006443296221803,0.49103508111174654,0.2882764928851578,-0.45936223130829446,1,0.0018762208721007168,0.998123779127899
-0.4006740511581736,0.4361821319419393,-1.0396983463365146,-0.8057649385280872,-1.3271079880916403,0.7160427206709432,1,0.09345260636686342,0.9065473936331372
-2.453552070458263,0.026953478192279473,-0.20644575842167256,0.41581192298573644,0.11533367070895768,-0.19675830994882484,1,0.0005952109244420368,0.9994047890755582
1.0256244667690804,-4.13458482565145,-0.9122285197599718,-0.9078486417800189,-1.2027476558355321,1.2927030353551938,0,0.9998949050756528,0.00010509492434664893
-2.1535265914142743,0.0011020665064213001,-0.04012325652617238,0.811327467603136,0.8327920399256504,-0.8202708153575013,1,0.0016267488118911978,0.9983732511881087
3.501491933853369,-1.833763136870232,-0.8816184058553466,1.0608056296586044,-0.1224353700294754,-0.08467219742112472,0,0.9933175361542484,0.006682463845751413
-2.4395835733911277,-1.4578370447672047,-0.7427514470664283,0.16025525173248284,-0.6505668402253387,-0.4348261315834435,1,0.00209440021556463,0.9979055997844349
0.1826115199210125,-2.275207696394184,2.3012432363048485,0.9139507230464704,-0.9966163264224042,1.263431843583534,0,0.9733148932675255,0.026685106732474238
0.8050233748085398,-0.1804513781402665,0.07624382513248408,0.23289667406568448,0.6591903694422643,1.947045738924501,0,0.9368424545691659,0.06315754543083361
-2.146266672617594,0.6989364705416711,-1.1006183767171742,0.4108960235879283,-0.3941856930070737,-0.07374586328438894,1,0.0007872519640326823,0.9992127480359674
-0.9152291692754061,1.0734100550761438,-1.5204615529448122,0.31029938960279435,-0.570056756276902,0.06071634793275619,1,0.008042764080281959,0.9919572359197179
-0.780647581482095,-0.5862875966276869,0.5572791489888883,-0.2241956523161681,0.14402046332282317,2.232471755900306,0,0.7923213017593678,0.2076786982406315
2.7250043940709348,1.404464700474266,-0.5613688738978112,-0.407483764358966,0.6000435212386606,-0.7275447105311058,0,0.8883534039480705,0.11164659605192971
2.837535209436691,0.5386731323976104,-0.44666356460756873,-0.5514513946064132,0.2550651214347002,-0.8574640457066485,0,0.8925364752947423,0.10746352470525833
-0.21945270083801627,1.2229396696474497,-0.45357682225682033,-0.8296283223195106,-0.8058539578418094,0.19043444810001023,1,0.07044729814405243,0.9295527018559478
-1.183519096411525,1.165651607290639,-0.747847231142201,0.03304040487105924,-0.4097525414503454,0.3125546050034956,1,0.0076477610366551705,0.9923522389633453
-0.7567464577129236,0.4032597647150583,1.1189588192868654,-0.6003086575523294,0.1885206380249321,-1.1748353954062742,1,0.03807255026289666,0.961927449737103
-1.6367257350047875,-0.45603816393732255,2.9817343880252585,-1.0993167950870901,0.4451842873341485,-0.7796688547782357,1,0.035704713177497294,0.9642952868225034
2.4289584596475824,1.5285221266525548,5.401505013578011,6.933145430640839,-5.637809944955496,-0.2450716439444886,0,0.9999999999999076,9.32905779841662e-14
-1.345526911337237,-0.422189206613917,-2.068523634187183,0.37033515361141445,-1.193584016763112,-0.14791217104464546,1,0.005242990376138892,0.9947570096238605
1.100284277966811,1.24910481818298,-0.3491308772240635,-0.5107479326682711,-0.14196503751220202,-0.2848952109650911,1,0.298983907168496,0.7010160928315037
1.7170302176199705,0.5778948965094624,-1.2153102534279023,-0.29549300394184985,-0.4742338138118628,-0.772770483027499,1,0.4585160929914165,0.5414839070085843
1.0279774417614511,0.9141764812603476,1.1111317130903364,-0.23748354764308932,-0.3279934041181233,0.14305008790244528,0,0.39887820377662997,0.6011217962233701
-0.14048952141037657,0.5400152924111586,-1.063562178888226,0.9831995590334945,0.895163417332716,0.18389508316589917,1,0.048046205379983546,0.9519537946200167
-2.2484266138444426,-1.1889109559529727,0.06122802567962031,0.0290034850380088,-0.10973422433986434,-1.1044156036846642,1,0.003500722772447317,0.9964992772275528
2.8516531582378897,-1.8797174666996543,-1.0204303160914756,0.33466231367954236,0.26438767431056,-0.26011612164393944,0,0.9754087497083299,0.02459125029166976
2.495508079352597,1.2433291258404557,-0.24186449760208648,-0.5123930411496509,0.6339669199049826,-0.8217022159224628,0,0.8605700884957004,0.1394299115042993
-0.0029610990943448,1.3405010196660234,-0.2973452032718102,-0.5628719633857936,-0.37694469495102934,0.39421588849517275,1,0.09880760332918641,0.9011923966708139
-1.3638531937509133,-0.14047520805397481,-1.3317275478364692,-0.2801751329264132,-1.273775692057287,0.0032867129835231707,1,0.0063699076290925916,0.993630092370907
-0.36193736164864077,2.226536667545484,0.83655016141272,-0.6277316921287224,-0.023666307179637747,1.6390487334668629,0,0.7129409274751911,0.2870590725248085
-0.7326520735193447,0.04845343466469488,1.0884491813142867,0.15526078621227715,1.2631065546862408,0.7715077268669408,1,0.0871336700832611,0.9128663299167393
-1.597327466064948,0.9322686919682062,-0.3112519100464056,0.9800216049454128,0.9810095144510503,-0.7301303128664292,1,0.004244986367298738,0.995755013632701
-0.5259484638149503,0.7249358837217468,-1.5917776552059144,0.6647647535950346,0.003305330636308163,0.813825627417971,1,0.03439632737770435,0.9656036726222955
1.0068511099766326,-2.089442112924867,1.9500975158773415,-0.4881488791390613,1.448126746038707,-0.420156972985053,0,0.94702551830187,0.0529744816981308
-0.2595613759003375,0.5157159685242776,-1.3029823361925994,0.9789546147882748,0.7766961609059388,0.08197661925052122,1,0.03231686116652431,0.9676831388334761
-0.08033387814636044,1.233949531460921,-0.2863473364292302,0.08522490509720125,0.2895735187245298,-0.49273004370785395,1,0.04263566729674322,0.9573643327032566
0.3762801707097051,2.1378941987361806,0.5555263635308146,-0.5502388752082106,0.10144058947788939,1.3550001933067568,0,0.7635923793332368,0.23640762066676244
-0.6154593055889178,1.263822377013263,-0.45266693196714647,-0.5978266859797549,-0.721069766776939,0.7735883468204413,1,0.06172060437722147,0.9382793956227787
-0.1887588482282462,1.143361390036741,0.7436833903093972,-1.573374342628,-0.7804862433487137,0.13030854474858602,1,0.20260128725623555,0.7973987127437651
1.4758305701928514,1.8036097585294197,0.664495139241046,-0.2470585196089831,0.2063122333910759,0.7191883514630757,0,0.7942036687602313,0.20579633123976904
-1.603270984929179,0.7832547122732959,0.5754298031879971,-0.10906462290598715,0.3408963552171414,-0.25360478952996485,1,0.0037059889194877562,0.9962940110805122
-0.9983083456241344,-0.23996522784759275,-1.4597796993030976,1.1171343764707948,0.22840943613728334,-0.23586406426327172,1,0.008384769622666004,0.9916152303773338
-2.2077955783935135,-1.7559032225873217,0.7712486021158872,-0.10954207733597728,0.13829700475362924,-1.556923708499697,1,0.020924463467304595,0.9790755365326959
0.7814196952741019,1.8981549690729846,0.22205794110706942,-0.9661984666936531,-0.1461714351069693,-0.0772334768234932,1,0.41551947884535334,0.584480521154647
0.6916484029381638,-2.961487275602778,1.5483428852732415,0.18057866209927725,-0.5013275732293256,0.37903921227516485,0,0.9756766541227473,0.0243233458772529
0.7642592890257668,2.0105152750026605,0.2937226242249888,-1.0477805772035198,-0.18669584746781234,0.13109901475864547,1,0.49406103016450126,0.5059389698354994
-2.200395609563958,0.5219326480531838,-1.6945669882344505,0.34244243973550403,-1.0146943244695852,0.480785908884864,1,0.0012798405437254854,0.9987201594562747
-2.2260165162209122,-0.4915915882852928,3.023149233625404,-1.2276620913243887,0.3463851520640304,-0.667588555031852,1,0.01395539949575164,0.9860446005042479
-0.4579667627475485,0.7578405011627994,-0.6940164765112302,0.2800663929337939,-0.38105091055363355,1.0984297338303384,1,0.08095739710003926,0.9190426028999608
2.7292766985950534,-0.5409809477747655,-0.27057279256703004,0.7309656751627841,1.1415739297304124,-0.1377278968376495,0,0.9252813626548995,0.07471863734510058
-0.26298190597500426,0.012553702161404877,-1.2628855511673747,1.2875366835435655,0.5651802540350876,-0.8652580720824635,1,0.038892966262380035,0.96110703373762
1.9367211564040596,0.8843558962838554,-0.08902560049426965,-0.4992417883335935,-0.03866790689289976,-0.09829464947118186,0,0.6472357515014795,0.3527642484985208
-0.7914111292567674,0.582091997270347,-0.8142654718552451,0.9855178458626946,0.6592678902039308,0.4257668282627483,1,0.01914342376605137,0.9808565762339485
-1.800905152743561,-0.8566400159855124,-0.952836483900967,0.2927422703528362,-0.46042015236965617,-0.37747074325413643,1,0.002875650490462331,0.9971243495095378
-1.5000865512964596,-0.9462067525771501,0.7544175028773211,0.16205575994113522,0.8064587690714833,-0.09085025340351069,1,0.012290273000330903,0.9877097269996694
-0.6926427282350145,-3.7065016720778274,1.7806272292581637,-1.2177142008379636,-0.4554501245746821,1.8112735268712938,0,0.9993141972152761,0.000685802784723581
0.9720356284135735,-0.49696770542239876,1.650831268008475,-1.2418645914702109,-0.10470044918366049,0.06537172741526286,0,0.6820427560527089,0.3179572439472919
2.2119342332626006,-2.4551682052723396,-1.1681973234961853,-0.2563805120423091,-0.046691774066803596,0.7749967720852904,0,0.9911718678005076,0.00882813219949236
0.6081460991709237,0.047659166232334904,0.5958798895994536,-0.5348162819197664,-0.22250821548649782,-1.3164196488513582,1,0.3047011132909212,0.6952988867090796
-1.980673740882543,-0.29709462692349287,0.5229354430180222,0.21981910188280357,0.572619122068438,-1.2673413477295354,1,0.003921112291479318,0.9960788877085213
-2.4217654265264605,-1.1929956675644213,-1.569364957877891,0.2770501757307058,-1.0230451641431868,-0.09657498669663592,1,0.0015679308761685053,0.9984320691238315
0.33008064097543793,1.1636610862907926,-0.6570340735454566,0.31969434587880724,0.6560493704280529,0.7515943381878106,1,0.18516794820414045,0.8148320517958597
1.0746719748513112,0.3357373343439052,0.02862835944526889,0.4074192756026895,1.1202019208565293,1.3755248577981773,0,0.8203841043264859,0.17961589567351408
2.5331454399055193,-3.116295067426097,-0.3251126928693145,-0.3998295161220377,0.3174292431853679,-0.16391620405477678,0,0.9979745849668561,0.002025415033143431
-0.09333566021497512,0.3553291063080968,0.979423676288082,0.36231582037703153,1.5278097594284867,0.7681027805825031,1,0.2442943094915029,0.7557056905084971
0.1119750603249452,1.246207148091347,-0.41721682507762087,-0.9286325846479231,-1.0421152598451482,0.4260730489328695,1,0.17975184973170627,0.8202481502682936
-2.3911200496581473,-0.619604535042666,3.2970291194573598,-1.3012371776844522,0.42978763522637664,-0.835789527699541,1,0.01636972822157366,0.9836302717784268
2.4743408741331105,2.1317936891270275,-0.32940499572309434,-0.24987028088996616,0.927702034234669,-0.6111572458271624,0,0.914542958035248,0.08545704196475233
-2.566341070243446,0.7759608846005439,-0.9350652656333328,0.20661470035589083,-0.725401493003001,0.2440562185307928,1,0.0005339772394155471,0.9994660227605842
0.20320603362199716,1.5428375044404778,1.1741855376339831,-0.8124079221694225,0.3677249811526935,0.4094651401065138,0,0.2836071655093423,0.716392834490658
-0.30090011099854064,0.6011433729793623,0.10225908048818808,-1.041139027677223,-0.9133467342850473,1.1763267214097919,0,0.29045123294123376,0.7095487670587657
0.4138863113755272,2.4706765900311685,0.07914289475314522,-0.4091320308275216,0.15265712248491756,1.0649368243918684,0,0.6696427770804547,0.33035722291954484
-2.7867275589647855,-2.412162609887536,0.3734524096646375,0.5888727854673316,0.6382129657414065,-1.2087859544511412,1,0.014041292366364304,0.9859587076336358
-1.070642359907076,-0.6196907422844331,2.229701281043951,-2.2507659133860103,-1.039604276516621,-0.2683724182512094,1,0.30641579953336423,0.6935842004666365
0.5863199468973034,-2.2696831728085725,0.9211698115321839,-0.3943578365923038,0.2138521208612424,1.0555677848662386,0,0.9463438747398816,0.053656125260118426
0.4796060961899786,1.5543189873774597,-0.20272583002700986,-0.8869895476060308,-0.6237031426798225,0.22529853453419998,1,0.2567229285351934,0.7432770714648063
-1.34052418885133,-0.8014486712263698,0.07639245887861915,0.25629398229108397,0.4527898402024242,0.24896583046550946,1,0.011939710652985,0.9880602893470146
-0.3055822702489387,0.6193689989378366,-1.2589877514178354,0.9818714571680212,0.718667277399121,0.24359691425064442,1,0.03353636142916131,0.9664636385708391
-2.466712515135328,-1.7174012643981225,-1.8183316589752407,-0.27323755509989767,-2.0336800075735977,0.2264987881126039,1,0.009642645073372267,0.990357354926628
-1.6603568942165903,-2.031754075961125,-2.047462282260849,0.02792835685108639,-1.4575024371413163,-0.6128891347701307,1,0.02673162841032109,0.9732683715896789
0.2957955484184238,1.7788500943485352,-0.7171713611010496,-0.5757388483117518,-0.519822303146543,0.13538234746303426,1,0.15216285000849464,0.8478371499915058
0.44300461601317126,1.192725363535973,-0.2692314447459711,-0.33679080430163666,0.11339373706112349,-0.16931447037070826,1,0.11289529135357441,0.8871047086464257
-0.17040901948461756,0.47058651566955406,0.16676778814820953,1.1756770203388809,0.9269987273069927,0.7142149805883803,1,0.1355726725103496,0.8644273274896508
1.6738506130259856,1.230936566793797,-1.2786038912962638,-0.38545790503359834,-0.18142507689098292,-0.667369078718162,0,0.4597797386434397,0.5402202613565599
2.210680846575377,-0.6970586755615003,0.03135657444686856,0.14906657837168497,1.3853043619360177,0.44797528813730536,0,0.9208910159164995,0.0791089840835
1.0017606888094244,-1.8998647024261885,1.7356334606311297,-0.4188857457772553,1.4471354856317389,-0.4520729903745346,0,0.9156205177448559,0.08437948225514366
-0.22283112387247517,-2.715459295853696,1.217429715760217,-0.560680929142664,-0.22478298157403998,1.1593760706935363,0,0.9450953963377172,0.05490460366228268
0.7173933035332138,0.12880992377187672,-0.5538815495942674,0.7359306318097307,1.0774006350369985,-0.4353803089778708,1,0.18128370097845972,0.81871629902154
-2.8078883984340592,-2.9021398580676054,1.9043121392651257,-0.6089867244002024,0.13405483359519346,-1.8710901694118047,1,0.2220337763490099,0.7779662236509896
2.2447421846631648,-2.5872460507169173,-0.16901028461176726,-0.19918282267017795,0.37161247857732604,0.05876965081265169,0,0.9894148500600928,0.010585149939907595
0.7169972982820145,1.7662687334981346,-1.602518726371401,-0.34462147025859874,-0.7156823853043413,0.30970140517783,1,0.2471323909172721,0.752867609082728
2.243085098512201,-0.9117682966947309,-0.575714041313409,0.12174681262680595,1.08373361489024,-0.06516942091465698,0,0.8640076749127468,0.13599232508725365
0.7826736257264517,1.6302563256146645,1.0221771661355734,0.02539525664339084,-0.26434857140707063,0.21208118721260114,0,0.36579665892521335,0.6342033410747863
-2.088145838757077,-0.8017208771033771,-0.6922897735178565,0.583949981360298,0.062237893991308586,-0.36639959145934253,1,0.0017061166089807334,0.9982938833910195
-2.198602277928297,-1.8663628670573298,-2.823246360229391,-0.20094811232412946,-2.501932587884047,0.29268071166200343,1,0.0322782883377721,0.9677217116622282
1.5490311058066613,-2.834108828581915,-0.7178612325431678,-0.49853718822107873,-0.0651024697024014,0.32169436520621764,0,0.9827890889372226,0.01721091106277745
0.8395179848257082,2.0031757801412926,-0.3958660034807845,-0.45557675814684334,-0.12143660726801318,0.9666792387485982,0,0.6357495168656238,0.3642504831343763
-0.46489778947671867,1.050444170670876,0.9619171756546043,-0.9394634296528265,-0.0631565828689436,0.03423569313743593,0,0.06060776786586214,0.939392232134138
1.1470852272819425,-4.656883716730581,-0.10147514860611802,-1.114541849847896,-0.915642220356211,0.8933557564177668,0,0.9999750627712974,2.4937228701725518e-05
0.7068221329948537,-0.008855787960193968,-0.32557817269860906,-1.0467220987139685,-0.8904118413937803,-0.3598838452156887,1,0.27596164946308094,0.7240383505369191
-1.217007484034802,-0.9175355405286926,-1.6712332621848185,0.6379072018927935,-0.3242431484981549,-0.4540911109401629,1,0.007471940684957768,0.9925280593150421
2.267467927295275,-0.16210200046129541,0.4308104236388046,-0.8959451846462448,0.14314588936997963,-0.787639418339846,0,0.863224460721775,0.1367755392782249
2.8218073248073545,1.067315223894218,-0.7214137215966606,-0.47438893949789596,0.443226482379091,-0.8271716985436424,0,0.8879151770196241,0.11208482298037582
-2.2601949516676814,-1.9298468576124932,-0.7252031226824357,-0.3799203256568439,-1.3302830422569116,-0.43101607800444774,1,0.010456131260559788,0.9895438687394406
1.6529952330607678,-3.1980441710982057,0.5140538193767757,-0.6818306264089535,0.27682697547346274,0.5613755006074591,0,0.9975487044591954,0.0024512955408040535
-1.8222698093716267,-1.0318547047931534,-1.9213766851501857,0.9268220391440928,-0.16618517914178524,0.7063923638646846,1,0.0071371155558844455,0.9928628844441154
-0.044881182914711056,1.0674354612948063,-1.5281168647997654,0.021108741201089187,-0.5527124237724842,-0.19121736113628457,1,0.0331864533977593,0.9668135466022404
-2.629617100547259,-1.0274751640921762,0.25431117516234736,0.16478052077735725,-0.025796760989458593,-0.5266707944811514,1,0.0010855694422984884,0.9989144305577016
-0.6973919826634118,2.0291852561102663,1.292031225893763,-0.6953064612518383,0.07132373590187717,1.0719640926620915,0,0.2522388280258333,0.7477611719741675
-0.06317417824056373,0.30606961032403646,0.9351951394100461,-1.1796082403394257,-0.46099787294427286,0.6888086058294509,0,0.2530039736341195,0.7469960263658809
-2.6338377325501727,-0.998141497614,-0.8099270733861907,0.1668348665776747,-0.8177447711991248,0.06060168843210929,1,0.001015347109487216,0.9989846528905129
-0.3497812806273987,0.933427393418874,-1.2151214069313423,0.056064114459243204,-0.4414520807561169,-0.13657551351440528,1,0.019888299332796892,0.9801117006672027
1.8389937020041864,0.44429582318428507,-0.7803037500263464,-0.7676182807769406,-0.2978487272008525,-0.3319848774275844,0,0.5783674748164604,0.42163252518353955
-1.8172388112304676,-0.9105899165380971,-1.2791874454618344,0.9537774177216075,0.0952606926015918,-0.07223829869981087,1,0.003271420063803152,0.9967285799361966
-1.0847611079027322,-0.1961793462564813,-0.3000140286860486,0.5751411181409387,0.6653899366062493,0.027714919376989375,1,0.009849220471842232,0.9901507795281579
-2.9042165610852653,-1.024919616155327,-0.6744017003346657,0.2270270282473882,-0.6029336996563094,-0.24257115765820855,1,0.000526287993541319,0.9994737120064591
-0.7606507183747158,-0.9528072827374309,-0.3627125605895953,0.3415080629551955,0.35021377289520417,0.16797389502670784,1,0.03015835273666442,0.9698416472633354
-1.1636766115385475,-2.029952083653187,-1.2507588495356652,0.4138778281435181,-0.615025420644887,-0.7287906129041521,1,0.047393664459746666,0.9526063355402531
-0.7605158380317575,-1.1039898488097328,1.0163926151348124,-0.32075538313420365,0.33268999781672537,1.5928311558681505,0,0.503648315163607,0.49635168483639347
0.1869314077813895,1.3920792558887338,-0.2867640733847871,-1.2180818920632734,-1.054810388161764,0.5279063447896041,1,0.3006289091402614,0.6993710908597377
-0.6122228343762006,1.2927803409852205,-0.3655508444180668,0.004864168904851883,0.08167473663965051,-0.21424418521199054,1,0.0172074104952743,0.9827925895047255
0.2424768536222426,0.3775475774788964,-0.20573460698256896,0.7213877746619602,0.7543956180769179,-0.3283211293353768,1,0.07895013909938009,0.9210498609006201
-0.8239413008386505,-0.20449789299860177,0.22429584644377645,-0.6061987524019086,-0.34942932055255715,-1.1838743873644533,1,0.02927506675379373,0.9707249332462063
-0.19050611656413113,1.4518776095661068,-0.3730048008646226,-1.0262138748042322,-1.207748220800666,0.6109377165436477,1,0.18475797180061046,0.8152420281993901
-2.082643890519599,-1.6193007673545645,-1.2190311112909866,0.23192258644396713,-0.8196553742997189,-0.23504741367433604,1,0.004870289318622129,0.9951297106813788
-2.780794905667365,-0.38166769678408435,-0.8369253087293743,0.41898196073474775,-0.5538973695270093,0.23320551768754,1,0.0004651823157131455,0.9995348176842868
-1.7373180559141845,0.3346891227319198,-0.6745348422997319,0.9029752868827543,0.644222964823052,-0.44606147472957103,1,0.00217201023006281,0.997827989769937
0.9660038481159866,2.1228095992522724,0.5277649215593996,-0.4741172011952893,0.4361310190923583,0.8341598145324286,0,0.7433599050806123,0.2566400949193879
0.7062923557620995,1.684634305666957,-0.09443192180279157,-0.5775333289165531,-0.6952648275816571,0.3345426743941669,1,0.34957711251709567,0.6504228874829043
2.079455709834273,1.2708316438238494,2.241034134281041,2.0290869055270035,-1.7640079540539895,0.2165454517705922,0,0.98314779231365,0.016852207686350915
-0.5677410834377965,1.0735727290678487,-0.5784015288548339,-0.16636046335833232,-0.2879750777104231,-0.12999896859506407,1,0.017342923624231482,0.9826570763757687
3.0716480270060207,-1.0706440840436924,0.5514230868754267,1.7579100676218984,-0.00971328029390012,-0.014068808542755705,0,0.9866953991096534,0.013304600890346765
-1.4419399256271161,0.5256768036050657,-0.8941495446333985,0.25832169863196447,-0.31533824065232285,-0.32011662651638784,1,0.0027004754238929025,0.9972995245761076
0.2662289846150699,0.34797883366778576,0.1746629038142964,0.5009406060186308,1.2842274211158093,1.0268650970508755,1,0.37099661898678826,0.6290033810132117
2.3423256279836395,-2.237948595814284,4.011921386432276,4.44808062377488,-3.0733407928681933,-0.12953643571229453,0,0.9999996998702858,3.0012971367544667e-07
2.881212277429667,-0.1908981553209601,0.0838055801731525,0.030874220691577702,-0.759329436504502,-0.8388679921929789,0,0.9225537864582145,0.07744621354178488
2.778090698043754,0.6492594816941277,-0.571592923992666,-0.6088736102706602,0.31832298935203057,-0.8040649636499904,0,0.8800008542037359,0.11999914579626425
-0.07481206898824815,0.3115074675932233,1.1602949686816484,-1.2001008112747915,-0.31979604908128206,0.5600474040623911,0,0.23132747838282916,0.7686725216171707
1.1599286500747619,-1.867838265706162,1.5998646144281057,-0.46771008365837863,1.5317750856150059,-0.39773013111686834,0,0.9329519608327533,0.06704803916724586
-0.501361763813617,0.22883635101214003,-0.9941642648006297,-0.1504850177379746,-0.536579084045337,-0.5663878479065533,1,0.016643183091097562,0.9833568169089025
-2.042521505316158,-0.647279655197925,0.9410878578061239,0.012217863266140798,0.617672082154362,-1.6429807794393065,1,0.009862139236366536,0.9901378607636329
1.5447090579894283,-2.096188544530631,1.1940697461084906,0.3994475460200562,0.05803695067379795,0.7802297488346808,0,0.9743770937483394,0.025622906251659996
1.6751979236655667,-1.7287073842345404,-0.12997807897273786,-0.22002462167409778,0.7017919543340092,0.07908511899247782,0,0.8872119824463303,0.11278801755366956
-1.4074902107333733,-0.25225604946934277,1.2800105762164729,0.233735148169044,1.1706280377590297,0.26178482278268383,1,0.01657884977003202,0.9834211502299677
0.6543818317348121,-0.32424301313952264,-1.8076129534656988,-1.2098254084831586,-2.0191873204374433,0.17920302684962594,1,0.5157869218593945,0.4842130781406056
-1.4488089102934871,0.24163022864289793,0.9714326264119012,0.4482386206195035,0.8893455245429162,-1.472299857218481,1,0.015228146503924818,0.9847718534960747
-0.798141055053417,0.2847396986873331,1.2830974125453274,-1.2918477169663105,-0.6702800649395924,1.176275334348255,0,0.2506344131719445,0.7493655868280547
0.7657269309968788,0.9293621546668264,-0.6832452226590566,0.6304956377659083,-0.07274840705536002,-1.0632140627170914,1,0.1752475932382103,0.8247524067617897
0.6105805673688517,0.7609779802388301,-0.750165070957167,0.7793290063084026,1.0513309013886194,-0.3899918662832255,1,0.14075356906182102,0.8592464309381789
-2.6904480688705736,-0.31637056545103176,-0.9508526802904634,0.4988985709073285,-0.4890296308484375,0.39988274538696217,1,0.000601836246431102,0.9993981637535687
-0.3890045850358207,-0.05658494346557829,0.8309982926138563,0.23390757438402723,1.4124820213145213,0.6678929851938978,1,0.1339443928781906,0.8660556071218094
-0.6828123813380945,-0.2231874061492975,-0.35727970537242115,1.9562392561500295,2.2743844649648968,0.7346390058059203,1,0.3274460569748505,0.6725539430251487
-0.3915831185134489,0.143399879627086,-0.2973874156502495,0.7652811568940404,1.077935535374703,-0.0955304158957756,1,0.035275739939664576,0.964724260060335
2.0842294365249088,0.2535724748321002,-0.19809651051259677,-0.8370733284594091,0.0010430606262813577,-0.4732220134253976,0,0.7278932703971244,0.27210672960287524
-0.7083456384132939,0.7674080621112396,-0.1252762525400473,-0.3679588071072017,-0.15139884912003695,-0.8343780150181933,1,0.01668796093987843,0.9833120390601212
0.3626974844115476,1.1705782451633135,-1.1606253555379549,0.06547778309485539,-0.33469184523208134,-0.359109506969191,1,0.06813331523627708,0.9318666847637228
-1.630629994019237,0.1770389286293675,0.1494041016685268,-0.3954238333124883,-0.47968943150712096,0.006969907867148079,1,0.003929400383916034,0.9960705996160839
0.7207218878199855,-1.518837698949489,0.6070310709718062,-0.3252319833149223,0.5803344252813705,0.9431695163723077,0,0.818384520076138,0.18161547992386134
0.02228340683146875,0.7033785360130986,-0.7196535021178914,0.7658630761325839,0.6184147083801231,-0.05314459961916008,1,0.04871427138467019,0.9512857286153299
-0.6499948906396992,-0.03432613778208811,0.26067770463712714,0.504091656197717,1.2132656890547964,0.5298670606335932,1,0.051381691109405304,0.9486183088905948
-0.7063259441113978,0.5919868683565163,-0.7850525820645353,-0.8650630358983765,-1.3049015109342417,0.7298800954687219,1,0.06309136668657823,0.9369086333134217
-0.9327686837506632,-1.8247552730159822,-2.3092404163509563,0.15823825070843767,-1.3632455288163023,-0.43654745385968957,1,0.05684603466638446,0.9431539653336148
1.8075320839495697,-0.10243419196320856,0.11176315257858703,0.3576275171072073,1.3634492884071325,0.7978103087795256,0,0.8685714297671363,0.13142857023286406
2.7875893493109984,-1.1468399963246354,-0.9010424595517317,0.6162309964832052,0.5264233998122465,-0.2053913010202989,0,0.934395632307913,0.06560436769208709
0.3532637614249344,0.5963994605937801,-0.5676810014840146,-0.3548605902306215,-0.758995100284435,-0.14777887593950373,1,0.09250211024424493,0.907497889755755
0.48198875263901286,1.4518471842590757,-1.245185419698074,0.34506548452635916,0.2618205481014124,-0.5737142641658597,1,0.09236858710097813,0.9076314128990215
0.4324662835814274,0.522259467829481,-0.8349107400646854,0.6303536722989025,0.842220957742817,-0.22153844419850155,1,0.09129755551880135,0.9087024444811986
2.2949360580880733,-0.3650244669609883,-0.45381016505679456,-0.9659895132677888,-0.32272369078472507,-0.5152866666440234,0,0.8415855268632663,0.15841447313673437
-1.7338544115588024,-1.3628423113374892,-1.641894289619042,0.5414023803049324,-0.5675784430277323,-0.32111372310942554,1,0.005249787014184704,0.9947502129858149
0.4412647277508293,1.9658258189182647,-0.24996922281585554,-0.9703735173915903,-0.5359187296356915,0.21748989064258592,1,0.31749085049202375,0.6825091495079755
-1.39582217996388,0.9382275960764003,-0.2780133756827325,0.3376425319542482,-0.0048519834958392575,-0.5622323248622109,1,0.0036821891516088437,0.9963178108483913
0.1840368239492866,0.1702929031686467,0.19233375565397798,0.7996359262218993,1.4795279079423584,-0.19295502564758946,1,0.13697150248542075,0.8630284975145789
0.6695556619222466,-0.6900141150757989,1.3560455387861952,0.8605211105576506,0.22397140399196894,1.0326666797484807,0,0.7059135295272752,0.2940864704727243
1.8229199000502345,-3.7463962327582956,0.37241507293131476,-0.6302004898602522,-0.13055992307798314,0.3646274084200968,0,0.9994420268852869,0.0005579731147136662
1.3862497891862178,1.2381536363225933,0.23766380233377682,-0.5732313873510337,0.09323662320313139,0.3147755379873623,0,0.5631909719341681,0.4368090280658319
-1.9853684987846225,0.2578482489800261,-0.4000166631968349,-0.17103574902499397,-0.6907237293635105,-0.26719941755738613,1,0.0014623188006856274,0.998537681199314
-4.0233247981905675,-0.8734859544240808,0.5829017696118942,-0.4057634161737023,-0.8026031845564299,-0.2747518487474706,1,0.00011223996273970849,0.9998877600372599
1.467652533987929,-1.3135377796365786,-0.5802378650184036,-0.0784470458719667,0.43130765118357944,0.7036549138068622,0,0.8222968081371321,0.1777031918628676
2.4691458819773353,-2.748690640523351,-0.7671275763729227,-0.26401249995208936,0.20010997245934825,0.05138899919433868,0,0.9938334812249907,0.006166518775009243
-2.907119703609712,-1.5165197669759938,-2.1716711218145757,-0.2505685579805019,-2.423889790144301,0.7720284612864196,1,0.009874781199567337,0.9901252188004322
-0.17332879698114062,0.773811469748622,-1.6618807916359954,0.953565294370639,0.16957947973190474,-0.5562207839337843,1,0.025191606387126787,0.9748083936128733
1.0391576206530464,-3.4897247903633573,-0.5136433631182465,-2.092354277294345,-2.999588633364945,0.008090343054594882,0,0.9998850861827329,0.00011491381726682664
-2.0411521479779062,-0.5883865765908438,4.3117279315253025,-1.9927541786947338,0.32674055928167856,-1.0446522090772241,0,0.16021178047598525,0.8397882195240134
3.0529114083202162,-1.7304743003648178,-1.4834319953536859,0.16218499552804408,0.5099813376889994,0.05530986491011858,0,0.9793287660157661,0.020671233984233244
-0.7522950983498934,0.24875858373943607,-0.6373137143121148,0.7800820997254523,0.7446291413428606,0.29909352050418503,1,0.018454240400667996,0.9815457595993319
-0.6760181572984791,0.3243652542534341,0.03622879435293863,0.38950780048730127,0.7966716328222843,-0.06552574407530536,1,0.018669455334712214,0.9813305446652876
2.1999714611044237,-1.1252016379226368,-0.6367531013846305,0.057825515712654395,0.96125817695038,-0.11208522729334335,0,0.8705258589758494,0.12947414102415128
-0.12270431149127704,1.2472656675414562,1.435464197904047,-1.5416237237643693,-0.5469481622633506,0.12426043372968619,1,0.2652342220694334,0.7347657779305673
1.2682315081811346,0.19726864359329502,0.07189013826877674,0.39108666522843377,1.1619090444519984,1.315973811389824,0,0.8553400676965793,0.14465993230342042
3.3752113896600027,-2.0120376661290167,-1.3901472431498,0.38616830993608214,0.30006563607110986,-0.23739417901557255,0,0.9911539603868913,0.008846039613108703
2.4830456036129442,1.714915218490162,-0.40053223413214756,-0.26479753276989654,0.5422223712267248,-0.4139657193538272,0,0.854908381624409,0.14509161837559173
2.2059969231425125,-0.3520121155391354,0.06213160917402846,0.6038912850617644,1.0769636876824615,0.3343094738178793,0,0.8669205487613374,0.13307945123866288
-0.26596299077573027,-3.47845877744787,1.673496304573997,-1.096253941839457,-0.15782633934371473,1.4363244538357138,0,0.9976535985745419,0.0023464014254576163
2.20839154391485,1.3604861347577935,-0.3452788397230794,-0.5002425833413897,0.4351111839616761,-0.432855509065786,0,0.761587508934666,0.23841249106533347
0.12027333688072771,2.328742702473389,2.044312693734088,1.3734664025067322,-1.3705627719676798,1.0447112327240857,0,0.8407694740241328,0.15923052597586743
2.225261651403787,-0.05575287769622735,-0.3556270972720461,-0.8939439406687473,-0.17058537511021707,-0.47339728729919345,0,0.7903391801353035,0.20966081986469604
-2.1333173559424323,-0.25978717155430064,0.07014318599155252,0.11165349667966179,-0.03362419148808456,-0.5620263217456054,1,0.0013309155338081086,0.9986690844661918
-1.4159274377588422,0.07997982103449451,0.7058867509824927,0.507794569854536,1.2229887105428565,0.7951199828510286,1,0.023269505090275158,0.9767304949097244
-0.7366085788807107,0.4364957444372533,-0.7238022367839977,0.8456942892826471,0.8340427466931977,0.16730001913739906,1,0.01702642990514333,0.9829735700948566
2.197306079874955,-2.647919534583255,-0.7114453419751715,-0.3736317826154427,0.2709118980178698,-0.23746222824420646,0,0.9869987787086096,0.013001221291390228
1.7978571844522464,1.0884235796526742,-1.190712932127779,-0.5470179203500551,-0.32597392269797476,0.06576340490737959,0,0.5589920735096218,0.4410079264903782
-0.5431925012504432,1.612872025235839,-0.41428507165769124,0.3614154419569593,-0.1173901465995625,0.5248794111621049,1,0.04061810649832262,0.9593818935016778
1.1858277090934075,-1.7657633270207964,-0.34690992757050004,-0.2538670682516312,0.2689435077991291,1.0035667367034138,0,0.9129440153037007,0.08705598469629858
2.1520922640984512,-0.2682862354117944,0.1440971013125555,-1.008801962012937,-0.00059380667735046,-0.6737957516489118,0,0.836168509171184,0.16383149082881565
-0.4431843652085814,-0.4444619380549451,-0.38395210875455904,0.36432957319388093,0.3401648664092911,-0.9594852461495419,1,0.032897670438321786,0.9671023295616785
-0.8191932008478652,0.7504058612409139,0.2050941370344339,-0.09867205807038903,0.15417858786067845,-0.5031050007454715,1,0.012421233770887472,0.9875787662291128
1.7760964193475284,1.4329827363846355,-0.1047723506664251,-0.5401970508502029,0.3548515670625272,-0.06612472520267003,0,0.6526773707124383,0.34732262928756164
0.30748124336121163,0.5902440543744827,-0.5424996225313629,1.2796783917285979,1.0987054234587095,-0.21359953814084448,1,0.12304880885314878,0.8769511911468512
-2.7916953369718494,-0.8729144590668554,-0.6792532859751984,0.23056059320339198,-0.5369024658185622,-0.2579020006679515,1,0.0005371327025255556,0.9994628672974745
-0.44583275756824053,0.26310265814335526,-1.0802157007833524,0.9134978179590957,0.6085031406495336,0.23114196484785096,1,0.02602770439694402,0.973972295603056
2.7582495790789356,-2.0732688049118404,-0.7803812643021892,-0.12573331991078343,0.7790286716020733,-0.23712803073342367,0,0.9845815765445926,0.015418423455407485
0.09710620741150322,2.1487265483527214,-0.5703510995227175,-0.7720439198445561,-0.7712167021890382,0.7964506631934996,1,0.3540903894076016,0.6459096105923977
-0.4159670038011844,-0.08671137348545532,0.2862160991910745,0.09044258775673902,0.3095971052248204,2.337805556530752,0,0.8721199776284351,0.1278800223715647
-0.07084258179165946,1.0238733521627397,0.7761950886725026,-0.8910986611527931,0.09120860451110221,-0.39678940235229193,0,0.09014385881919645,0.9098561411808038
-1.8619496612043782,-2.0061682258203883,-0.2937683816933483,0.3980187288410701,0.2523192939409469,0.14989212144010827,1,0.0187024936772965,0.9812975063227032
-2.227174654316075,-1.7777996282465909,-0.17737390862609345,0.02477548471877553,-0.34611433680316855,-0.8393229352708824,1,0.006430909940489925,0.9935690900595099
1.4023740027267997,-1.976585929686646,-0.2769136498713425,-0.28920039632122596,0.20451988796418238,0.8643188143447195,0,0.945062066179503,0.054937933820497414
0.6837483046220921,1.4141233144414487,0.6750424024453473,-1.135494457056456,-0.23948996012609472,-0.2038791180997308,1,0.3601544566082349,0.6398455433917656
-3.005684324434595,-1.0873466356723729,3.862372345185233,-1.5645936066761787,0.2977769545852084,-0.8163108501569433,1,0.016527838929649076,0.9834721610703498
-0.11847782419444947,0.19763082876472784,-0.10933679076218762,0.9684376702592423,1.197244469331989,-0.25394337339718115,1,0.06540268074359505,0.9345973192564051
-2.0563956128483274,-0.2735398125395866,0.36694375851623673,0.35165497996243467,0.4919707590813212,-0.8022884368972225,1,0.0020312679078476554,0.9979687320921529
2.495395339356564,1.620784819364522,-0.46203150046440533,-0.36399920409463477,0.575464302960492,-0.3741395695087272,0,0.8527332941597363,0.14726670584026316
-0.3922745275915801,0.5217647930971436,-0.9390424716687972,0.92714848165774,0.8224215416493126,0.061757288560983135,1,0.02772134118971715,0.9722786588102827
0.37433024163242246,1.5268271532987663,-0.20204557352784236,-1.126867660745906,-0.7297223256160422,0.2506605881286117,1,0.2729243984722596,0.7270756015277409
0.5173871924360729,-0.10060884778322081,0.9730357069202498,0.2168393529618755,1.15157847782642,1.1960939772300678,0,0.656225859382251,0.34377414061774897
1.8275048192611767,0.5639980942539637,-0.7627831588231571,-0.7384297419832502,-0.22398745906984685,-0.378078125819941,0,0.5647793825864896,0.4352206174135103
0.45167078147976397,2.0193594230270517,-0.045338064172745954,-0.78703335617007,-0.46588163908641933,0.49867900343133503,1,0.38135337367647054,0.6186466263235288
-1.4101459869410669,-0.16476211031231902,-0.9716832403032967,-0.3870301852859969,-1.18092592002228,0.09014307112060484,1,0.00676995100220262,0.9932300489977974
0.9489072525751431,-2.071402154984185,0.3267776496390376,-0.33488190228740594,0.26589976836383733,0.9880495051222691,0,0.9379274715908031,0.06207252840919767
-2.0072539016127737,-3.307494351921228,-3.56194336329144,0.3481284924478077,-2.118660229338087,1.5979574638906073,1,0.8831493144603306,0.11685068553966951
0.7068245163919058,-2.6426233350401387,0.7151574459532962,-0.4740290297660908,0.008828045327897795,0.9862063198651368,0,0.9749586355341567,0.025041364465842497
1.3836095199945164,-1.348696618816908,-0.9900089957965273,-1.5310323366345622,-1.7051759330406961,-0.5464246279240467,1,0.912555124437683,0.08744487556231642
0.5378937795972127,0.33268126160308525,0.1882241976968241,-1.1060968307548573,-0.7567600104150103,-0.3256298782741204,1,0.2362470293379536,0.7637529706620462
-0.6857760526758445,-0.7144253969730119,-0.5431234373425597,0.4511909921326329,0.3602472697787277,0.19809275688855088,1,0.0268310196063443,0.9731689803936561
-2.884923079053937,-0.29290124578905685,0.281411054451899,-0.08628249957008999,-0.3032957055579672,-0.4914488731586383,1,0.00038951754696475716,0.9996104824530352
0.2839838853608814,0.9765374784766665,0.4794686566213764,-0.7400605690487948,-0.0728251175833991,-0.3713178467006732,0,0.12511186520131146,0.8748881347986881
2.100823685898692,1.4648525692535086,-0.4976841232120182,-0.45843535097692606,0.29600950530439474,-0.12675456479486635,0,0.7295077532295073,0.270492246770492
1.3840781362747065,2.0139789674536175,-0.3090935669114032,-0.40163846207785364,0.1889191683651563,0.5889914552195911,0,0.7073117512610245,0.292688248738976
-0.48044678679947445,0.8767595593354093,0.18178249354731982,0.6731984569078772,1.5722621049282368,0.7663028307812727,1,0.11478082564658182,0.8852191743534186
2.6082842241042465,-2.1778584536266643,-0.9079033435234591,-0.16242172303115673,0.562096838425593,-0.391492392115019,0,0.9813855458206822,0.01861445417931704
-0.2832806410054616,0.3715758679736482,-0.6681645478749383,-0.13197745855729878,-0.23003156020754342,-0.686730488171448,1,0.025198139621807846,0.9748018603781924
-0.7469602822573147,0.3708853195954872,-2.4057325463652055,0.6391143284759406,-0.7886966982648703,-0.12127552956143006,1,0.008792734443655581,0.9912072655563444
2.2259185486283664,-2.4491242496021766,-0.6517414090805326,-0.31934581922831584,0.4152574403560622,-0.2956125516815574,0,0.9812479642429965,0.018752035757004272
-0.19218810514945117,-0.5962001740326808,1.7543083515366968,0.09668483767160746,0.7671280129874175,1.1848042948003985,0,0.46490073254458886,0.5350992674554107
0.20967657149329208,1.4189097074184114,-0.6392852305777982,-0.6344500347897204,-0.6287241016810831,0.4647179456839439,1,0.15472262832659245,0.8452773716734072
-0.4004392302573639,1.2375695573881824,-0.6989273977088919,0.43035350992231924,-0.6930872145685276,-0.05252915949491617,1,0.026005874281639352,0.973994125718361
-0.5917585127905561,-0.8102230095743774,-0.8636597637409625,0.8628241944140884,0.6629554517066967,-0.9511348437083341,1,0.03627266877937811,0.963727331220622
-2.2807234880500262,-1.9211892087218658,1.4348097645835298,-0.44866618305071293,0.26412493745450877,-2.0029794853632263,1,0.08641912254101636,0.9135808774589845
-1.2240471671418762,-0.42033802131355363,-1.4296290507120344,0.5235368518830825,-0.2434238948385111,-0.747835428050884,1,0.00531232602641229,0.9946876739735874
0.3865967382132385,2.2413015115948194,0.7101359256091692,-0.36270733940706656,0.1811935888198044,0.8329073297415771,0,0.5379211826974868,0.46207881730251327
-0.2015002244652879,0.8104978199086411,0.8001545539654024,-0.46116970986308053,0.3826702816182396,0.01578248901676875,1,0.062328130388443655,0.9376718696115561
-0.5757499892373594,0.7435216922430863,-1.4697320622176884,-0.21994760751555947,-0.9815413264276623,0.15351195467197856,1,0.019183817489151815,0.9808161825108485
-0.9175512422396723,1.3211779727758894,-1.398963446261909,0.6931735654533945,0.04878616065531962,-0.3840413879715114,1,0.0076433347389502655,0.9923566652610497
0.3174787259473359,1.42963137553754,0.024575509856709744,0.300999572163657,1.1649622587516042,-0.007576036773364058,1,0.15209725629385948,0.8479027437061403
-1.091373766987054,0.31548733932352335,-0.5784672845525102,0.8337247030827053,0.8580513381629346,0.19064189391494146,1,0.00989631652398471,0.9901036834760154
2.6891997987320977,-0.5505804860763154,-0.7896662031203616,0.3085539433641442,1.3769121746098687,-0.08250696416259445,0,0.9179120245278368,0.08208797547216234
-0.9392906960177833,-0.38038308674679217,1.11112434058518,0.3029601388839409,1.5583773914769465,-0.01069661091764148,1,0.04145594001881265,0.9585440599811877
0.0606813487676797,-0.49810712311737065,-0.7851813555475899,-0.9364903620649616,-1.3116527029841114,-0.174715945130207,1,0.14593157307719867,0.8540684269228014
-1.0922098845882464,0.3924319593226026,-1.076083673777265,0.7929458309359263,0.30496239966508387,-0.4228949652450998,1,0.005333748524258521,0.9946662514757415
-0.8209142033820298,-0.8924641999702236,-1.3561824823053041,0.6726356518333376,0.015712673938083052,-0.6790101387239348,1,0.016335354197633604,0.9836646458023666
-0.6132324041123351,0.3653351516877936,0.9650388195259699,0.1583136816880674,1.4638063486091302,0.7610245433711681,1,0.10632701510796046,0.8936729848920393
3.061713844500904,0.33812543500288517,1.1025182713712982,1.3185055474591194,-1.345095871251063,-0.8404159443122607,0,0.9771253460212691,0.022874653978731615
0.9362479953249654,1.7105051828354711,0.7503246287870008,-1.0050382159482807,0.01520133503194849,-0.10465305303569432,1,0.5005311399640926,0.49946886003590785
-0.5466500293368436,1.2745239992241884,2.0551228650462185,-0.5824844676922571,-0.30217398545332125,1.0815977987261987,0,0.2635875395136655,0.736412460486334
-0.9079124873044783,0.4068000665062423,-0.8899259491436311,0.8324838542791232,0.5507076422814428,0.5848903594797855,1,0.0169867192937048,0.9830132807062957
2.4991656096759356,1.4602773967465046,-0.43662852835291616,-0.4342477373338135,0.6401970791116605,-0.8012310619215527,0,0.8616123653365849,0.1383876346634151
-1.1266124046761012,-1.2313939747883826,2.2305528148110043,-0.1347422957756983,0.2596222106451504,1.694942676159813,0,0.5884764849230749,0.41152351507692514
2.4996404978223628,-3.612997945269753,-0.5844443984561519,-0.427384882188688,-0.2777082074328308,0.2780633481578437,0,0.9995573530851595,0.00044264691484036453
0.601022409271424,1.2270329924893812,-0.9777475691370677,0.3872203831739489,0.3415944963469743,0.7749293139844888,1,0.24590463122947062,0.7540953687705292
2.8838493771245863,-1.7451614562000684,-0.7980250038032664,0.9089919150927901,-0.19182429768491457,-0.1919164038694166,0,0.9763836118434239,0.023616388156576983
2.489780095839736,-2.483291474014782,-1.2580350956302724,-0.2407485085505835,0.22910270601214763,-0.3468729722453392,0,0.985770306026841,0.014229693973159891
-0.7133487031001985,-1.1652444809993299,-0.8428834788223972,0.6656979206030674,0.4142740628546764,-1.251591983778145,1,0.04948152261282089,0.9505184773871787
-1.3951210071727385,-0.03728969902044493,5.266947429426652,-1.271987499911482,-0.8003509760741677,-0.4827324837196363,1,0.23379181550369527,0.7662081844963039
2.4818520415941494,-0.2846081422713314,0.04263034985349284,-0.5970962433191456,-0.32578270938617715,-0.8144516661154276,0,0.8744662381204559,0.12553376187954374
0.9219597648798586,-1.2896568103953494,1.8397127978533288,-1.6015854658158601,-0.04697592473866912,-0.7108502680056427,0,0.8728326696783628,0.12716733032163777
-2.9784824729821815,-1.7918635728947236,-2.39571445273119,-0.32815600003835016,-2.5318168821306513,0.27465604756242157,1,0.007929735785308574,0.9920702642146909
-0.606117333854942,0.7430240583350682,-1.1366839037730625,0.222780760134601,-1.3150870155787557,0.18385482810706247,1,0.022977803548557385,0.9770221964514423
2.587295364742112,0.7340364550368211,-0.8688932974097564,-0.5053770062375275,0.09728350006603656,-1.069503887870529,0,0.8450670895561494,0.15493291044385138
-0.9113073809754542,0.41297200534940215,0.12131786711882918,1.403390811808883,-0.08245868579607496,-0.6487349466710998,1,0.015615073691211099,0.9843849263087886
-1.1232632188873073,-0.8253042545844613,-0.4895174863282646,0.4143508080642942,0.21890121118108832,0.25347651847994346,1,0.01428151979813491,0.9857184802018651
-0.007410441282657252,-0.25502993225376247,0.591458058309305,0.5309862548646023,1.651511443402577,-0.28642135045743744,1,0.1444130405695295,0.8555869594304706
